,accuracy,average_precision,f1,fold,method,precision,recall,roc_auc,run
0,0.6303191489361702,0.6936660608373111,0.5723076923076923,9.0,Naive Bayes,0.6788321167883211,0.4946808510638298,0.6545948392937981,0.0
1,0.6063829787234043,0.6534413334632216,0.5542168674698795,9.0,Logistic Regression,0.6388888888888888,0.48936170212765956,0.6320167496604798,0.0
2,0.6063829787234043,0.7025555336339849,0.43511450381679395,9.0,Random Forest,0.7702702702702703,0.30319148936170215,0.6524445450430059,0.0
0,0.6584821428571429,0.7007856267099626,0.6805845511482255,8.0,Naive Bayes,0.6392156862745098,0.7276785714285714,0.7153818558673468,0.0
1,0.6183035714285714,0.6602518154407412,0.605080831408776,8.0,Logistic Regression,0.6267942583732058,0.5848214285714286,0.6766581632653061,0.0
2,0.6272321428571429,0.7042175714340768,0.5269121813031162,8.0,Random Forest,0.7209302325581395,0.41517857142857145,0.7324816645408163,0.0
0,0.6754807692307693,0.6910957080865117,0.6731234866828086,7.0,Naive Bayes,0.6780487804878049,0.6682692307692307,0.7332886464497042,0.0
1,0.6322115384615384,0.6266391601878063,0.624078624078624,7.0,Logistic Regression,0.6381909547738693,0.6105769230769231,0.6763128698224852,0.0
2,0.6129807692307693,0.7264586610244255,0.46864686468646866,7.0,Random Forest,0.7473684210526316,0.34134615384615385,0.7595229289940829,0.0
0,0.6741573033707865,0.759832478011542,0.6666666666666667,6.0,Naive Bayes,0.6823529411764706,0.651685393258427,0.7704204014644616,0.0
1,0.6432584269662921,0.7081368811226731,0.6116207951070337,6.0,Logistic Regression,0.6711409395973155,0.5617977528089888,0.7262656230273955,0.0
2,0.6601123595505618,0.7948222583588183,0.5399239543726235,6.0,Random Forest,0.8352941176470589,0.398876404494382,0.8070003787400579,0.0
0,0.6186868686868687,0.651265683654112,0.5571847507331378,5.0,Naive Bayes,0.6643356643356644,0.4797979797979798,0.6123099683705744,0.0
1,0.5378787878787878,0.5618672256651871,0.4633431085043988,5.0,Logistic Regression,0.5524475524475524,0.398989898989899,0.5695847362514029,0.0
2,0.6060606060606061,0.678214628765829,0.4306569343065693,5.0,Random Forest,0.7763157894736842,0.29797979797979796,0.6474594429139884,0.0
0,0.6774193548387096,0.7739175623229262,0.673202614379085,4.0,Naive Bayes,0.6821192052980133,0.6645161290322581,0.7433090530697192,0.0
1,0.7,0.7665701117560377,0.693069306930693,4.0,Logistic Regression,0.7094594594594594,0.6774193548387096,0.7421436004162332,0.0
2,0.635483870967742,0.7769530405562001,0.4840182648401827,4.0,Random Forest,0.828125,0.3419354838709677,0.7669510926118626,0.0
0,0.5821256038647343,0.6129702893284183,0.5506493506493508,3.0,Naive Bayes,0.5955056179775281,0.5120772946859904,0.5882284300683795,0.0
1,0.5603864734299517,0.5624928658719779,0.5357142857142857,3.0,Logistic Regression,0.5675675675675675,0.5072463768115942,0.5923825526850102,0.0
2,0.5531400966183575,0.5990811271803008,0.3416370106761566,3.0,Random Forest,0.6486486486486487,0.2318840579710145,0.5954398002287101,0.0
0,0.6052631578947368,0.593948905185312,0.5296167247386759,2.0,Naive Bayes,0.6551724137931034,0.4444444444444444,0.6420095071987962,0.0
1,0.5146198830409356,0.49893773419236676,0.4391891891891892,2.0,Logistic Regression,0.52,0.38011695906432746,0.5072329947676208,0.0
2,0.5321637426900585,0.6338691080880631,0.19999999999999998,2.0,Random Forest,0.6896551724137931,0.11695906432748537,0.6548339660066346,0.0
0,0.6038961038961039,0.6823415252591825,0.5080645161290323,1.0,Naive Bayes,0.6702127659574468,0.4090909090909091,0.6832939787485243,0.0
1,0.5974025974025974,0.6397522393355825,0.48333333333333334,1.0,Logistic Regression,0.6744186046511628,0.37662337662337664,0.6416343396862877,0.0
2,0.5551948051948052,0.6792319304899233,0.31155778894472363,1.0,Random Forest,0.6888888888888889,0.2012987012987013,0.6931607353685275,0.0
0,0.5369565217391304,0.5517059636466781,0.4688279301745636,0.0,Naive Bayes,0.5497076023391813,0.40869565217391307,0.5635538752362949,0.0
1,0.5630434782608695,0.5608470460445523,0.5085574572127138,0.0,Logistic Regression,0.5810055865921788,0.45217391304347826,0.6001890359168243,0.0
2,0.4956521739130435,0.5601151831682151,0.13432835820895522,0.0,Random Forest,0.47368421052631576,0.0782608695652174,0.5894706994328922,0.0
0,0.6117021276595744,0.6469860800893059,0.574757281553398,9.0,Naive Bayes,0.6351931330472103,0.524822695035461,0.6428373824254312,1.0
1,0.526595744680851,0.5256681674730894,0.5027932960893855,9.0,Logistic Regression,0.5294117647058824,0.4787234042553192,0.5508777224485689,1.0
2,0.5762411347517731,0.6632425344953756,0.3523035230352304,9.0,Random Forest,0.7471264367816092,0.23049645390070922,0.6493385644585283,1.0
0,0.6010362694300518,0.6568704241085666,0.5187499999999999,8.0,Naive Bayes,0.6535433070866141,0.43005181347150256,0.653413514456764,1.0
1,0.6269430051813472,0.6182385098350808,0.6149732620320856,8.0,Logistic Regression,0.6353591160220995,0.5958549222797928,0.63684931139091,1.0
2,0.5621761658031088,0.6830417660367859,0.29288702928870297,8.0,Random Forest,0.7608695652173914,0.18134715025906736,0.6712931890789015,1.0
0,0.6466346153846154,0.7402043113731023,0.6696629213483146,7.0,Naive Bayes,0.6286919831223629,0.7163461538461539,0.7216392381656804,1.0
1,0.5961538461538461,0.6916584108293641,0.584158415841584,7.0,Logistic Regression,0.6020408163265306,0.5673076923076923,0.6514423076923077,1.0
2,0.6153846153846154,0.709040506903616,0.4904458598726115,7.0,Random Forest,0.7264150943396226,0.3701923076923077,0.689742048816568,1.0
0,0.6292134831460674,0.6760119255062675,0.5849056603773586,6.0,Naive Bayes,0.6642857142857143,0.5224719101123596,0.6949248832218154,1.0
1,0.5280898876404494,0.5715016797693326,0.4206896551724138,6.0,Logistic Regression,0.5446428571428571,0.34269662921348315,0.5540335816184825,1.0
2,0.5814606741573034,0.7188595240647366,0.37656903765690375,6.0,Random Forest,0.7377049180327869,0.25280898876404495,0.7308736270672895,1.0
0,0.6017857142857143,0.6410835216662949,0.5952813067150636,5.0,Naive Bayes,0.6051660516605166,0.5857142857142857,0.6273214285714286,1.0
1,0.5357142857142857,0.5356826478009311,0.49806949806949796,5.0,Logistic Regression,0.542016806722689,0.4607142857142857,0.5453061224489796,1.0
2,0.5625,0.6279450141392169,0.3828715365239294,5.0,Random Forest,0.6495726495726496,0.2714285714285714,0.6105357142857143,1.0
0,0.664179104477612,0.693878651904608,0.6564885496183207,4.0,Naive Bayes,0.671875,0.6417910447761194,0.7126308754733793,1.0
1,0.6455223880597015,0.6926146248119759,0.6303501945525292,4.0,Logistic Regression,0.6585365853658537,0.6044776119402985,0.6967030519046559,1.0
2,0.6194029850746269,0.6844472525031435,0.4742268041237114,4.0,Random Forest,0.7666666666666667,0.34328358208955223,0.7242147471597239,1.0
0,0.6666666666666666,0.6993612223576161,0.6418918918918919,3.0,Naive Bayes,0.6934306569343066,0.5974842767295597,0.7172580198568095,1.0
1,0.60062893081761,0.6408173397595838,0.5694915254237288,3.0,Logistic Regression,0.6176470588235294,0.5283018867924528,0.6473240773703572,1.0
2,0.5723270440251572,0.6794284145648852,0.3703703703703704,3.0,Random Forest,0.7017543859649122,0.25157232704402516,0.7042838495312687,1.0
0,0.6686046511627907,0.7130159487777734,0.6481481481481481,2.0,Naive Bayes,0.6907894736842105,0.6104651162790697,0.7259667387777177,1.0
1,0.6191860465116279,0.6744770381280218,0.5893416927899687,2.0,Logistic Regression,0.6394557823129252,0.5465116279069767,0.6454164413196323,1.0
2,0.6104651162790697,0.7269028961862449,0.4273504273504274,2.0,Random Forest,0.8064516129032258,0.29069767441860467,0.7287047052460789,1.0
0,0.6122448979591837,0.6477040497143807,0.5891891891891892,1.0,Naive Bayes,0.6264367816091954,0.5561224489795918,0.6533996251561849,1.0
1,0.5153061224489796,0.5130250014635382,0.41358024691358025,1.0,Logistic Regression,0.5234375,0.34183673469387754,0.5306382757184507,1.0
2,0.5663265306122449,0.662080592980888,0.35114503816793896,1.0,Random Forest,0.696969696969697,0.23469387755102042,0.6791961682632236,1.0
0,0.5771276595744681,0.6272705605064557,0.4717607973421927,0.0,Naive Bayes,0.6283185840707964,0.3776595744680851,0.670580579447714,1.0
1,0.5771276595744681,0.5918536696645804,0.4717607973421927,0.0,Logistic Regression,0.6283185840707964,0.3776595744680851,0.630460615663196,1.0
2,0.5186170212765957,0.6118484954602141,0.2096069868995633,0.0,Random Forest,0.5853658536585366,0.1276595744680851,0.6668741511996379,1.0
0,0.6038251366120219,0.6309609128723503,0.5510835913312694,9.0,Naive Bayes,0.6357142857142857,0.48633879781420764,0.6344769924452804,2.0
1,0.5737704918032787,0.5818441101698328,0.45070422535211263,9.0,Logistic Regression,0.6336633663366337,0.34972677595628415,0.5862223416644271,2.0
2,0.5300546448087432,0.6272346694744054,0.21818181818181817,9.0,Random Forest,0.6486486486486487,0.13114754098360656,0.6367165337872136,2.0
0,0.6267123287671232,0.6698637370401757,0.5587044534412956,8.0,Naive Bayes,0.6831683168316832,0.4726027397260274,0.6580502908613248,2.0
1,0.613013698630137,0.6427545175360567,0.5425101214574899,8.0,Logistic Regression,0.6633663366336634,0.4589041095890411,0.6451022705948583,2.0
2,0.5958904109589042,0.6868056109966219,0.3655913978494624,8.0,Random Forest,0.85,0.2328767123287671,0.6706230061925316,2.0
0,0.6632653061224489,0.7313783345783893,0.6880907372400756,7.0,Naive Bayes,0.6408450704225352,0.7428571428571429,0.748338192419825,2.0
1,0.6673469387755102,0.6838145819297772,0.6707070707070707,7.0,Logistic Regression,0.664,0.6775510204081633,0.7023740108288212,2.0
2,0.6306122448979592,0.7326877026380412,0.5068119891008174,7.0,Random Forest,0.7622950819672131,0.3795918367346939,0.7574843815077051,2.0
0,0.5915841584158416,0.621607933470708,0.5454545454545455,6.0,Naive Bayes,0.6149068322981367,0.4900990099009901,0.6649593177139497,2.0
1,0.5198019801980198,0.5276808707266225,0.4519774011299435,6.0,Logistic Regression,0.5263157894736842,0.39603960396039606,0.5403636898343299,2.0
2,0.5148514851485149,0.5792218762285032,0.21600000000000003,6.0,Random Forest,0.5625,0.13366336633663367,0.6100137241446917,2.0
0,0.660427807486631,0.7290135937035345,0.6208955223880598,5.0,Naive Bayes,0.7027027027027027,0.5561497326203209,0.6871228802653779,2.0
1,0.5962566844919787,0.6462912940262113,0.5016501650165016,5.0,Logistic Regression,0.6551724137931034,0.40641711229946526,0.6314449941376648,2.0
2,0.6016042780748663,0.7180145993157704,0.4110671936758893,5.0,Random Forest,0.7878787878787878,0.27807486631016043,0.6901255397637909,2.0
0,0.6160714285714286,0.6925994632722505,0.572139303482587,4.0,Naive Bayes,0.6460674157303371,0.5133928571428571,0.706234056122449,2.0
1,0.609375,0.646633675411747,0.5958429561200924,4.0,Logistic Regression,0.6172248803827751,0.5758928571428571,0.6385522959183673,2.0
2,0.5535714285714286,0.662964934553449,0.2857142857142857,4.0,Random Forest,0.7142857142857143,0.17857142857142858,0.6994579081632653,2.0
0,0.5615384615384615,0.5851632193404677,0.55984555984556,3.0,Naive Bayes,0.562015503875969,0.5576923076923077,0.5998224852071007,2.0
1,0.5384615384615384,0.557670057897365,0.5348837209302326,3.0,Logistic Regression,0.5390625,0.5307692307692308,0.5542603550295857,2.0
2,0.5461538461538461,0.5815689630868353,0.3480662983425414,3.0,Random Forest,0.6176470588235294,0.2423076923076923,0.620784023668639,2.0
0,0.6715686274509803,0.7121961717772065,0.6824644549763033,2.0,Naive Bayes,0.6605504587155964,0.7058823529411765,0.7254421376393695,2.0
1,0.6323529411764706,0.6659275647138623,0.5454545454545455,2.0,Logistic Regression,0.7142857142857143,0.4411764705882353,0.6272827758554401,2.0
2,0.6225490196078431,0.7078679547974511,0.493421052631579,2.0,Random Forest,0.75,0.36764705882352944,0.7140282583621684,2.0
0,0.5837209302325581,0.6383380222840875,0.5149051490514905,1.0,Naive Bayes,0.6168831168831169,0.4418604651162791,0.6186695511087075,2.0
1,0.5395348837209303,0.5684897299707864,0.5308056872037915,1.0,Logistic Regression,0.5410628019323671,0.5209302325581395,0.5834937804218496,2.0
2,0.5953488372093023,0.6826027805822181,0.4313725490196078,1.0,Random Forest,0.7252747252747253,0.30697674418604654,0.6582801514332072,2.0
0,0.5813008130081301,0.610796687729293,0.502415458937198,0.0,Naive Bayes,0.6190476190476191,0.42276422764227645,0.5807389781214886,2.0
1,0.532520325203252,0.5878554239598045,0.5106382978723404,0.0,Logistic Regression,0.5357142857142857,0.4878048780487805,0.5500694031330556,2.0
2,0.5487804878048781,0.6301950145865999,0.32727272727272727,0.0,Random Forest,0.6428571428571429,0.21951219512195122,0.5855641483244101,2.0
0,0.6650326797385621,0.7484362648233963,0.6459412780656304,9.0,Naive Bayes,0.684981684981685,0.6111111111111112,0.7399824853688752,3.0
1,0.619281045751634,0.634599279816312,0.6123128119800333,9.0,Logistic Regression,0.6237288135593221,0.6013071895424836,0.6620316972104746,3.0
2,0.6225490196078431,0.7365791977688446,0.45390070921985815,9.0,Random Forest,0.8205128205128205,0.3137254901960784,0.746881541287539,3.0
0,0.59,0.5776627967026332,0.5314285714285715,8.0,Naive Bayes,0.62,0.465,0.6071250000000001,3.0
1,0.5675,0.5975935678323647,0.504297994269341,8.0,Logistic Regression,0.5906040268456376,0.44,0.5888,3.0
2,0.53,0.607227925341324,0.265625,8.0,Random Forest,0.6071428571428571,0.17,0.6446500000000001,3.0
0,0.603225806451613,0.6664098631099591,0.5830508474576271,7.0,Naive Bayes,0.6142857142857143,0.5548387096774193,0.6694276795005203,3.0
1,0.5387096774193548,0.598954299572347,0.5311475409836067,7.0,Logistic Regression,0.54,0.5225806451612903,0.5696982310093652,3.0
2,0.5612903225806452,0.6408721253811958,0.37037037037037035,7.0,Random Forest,0.6557377049180327,0.25806451612903225,0.6252653485952133,3.0
0,0.6882022471910112,0.7395393297147539,0.7086614173228346,6.0,Naive Bayes,0.6650246305418719,0.7584269662921348,0.7476328746370408,3.0
1,0.6601123595505618,0.6966389678390899,0.6720867208672088,6.0,Logistic Regression,0.6492146596858639,0.6966292134831461,0.7125047342507259,3.0
2,0.6629213483146067,0.7639548572594506,0.5774647887323945,6.0,Random Forest,0.7735849056603774,0.4606741573033708,0.7688738795606616,3.0
0,0.5771276595744681,0.6198655267310059,0.5253731343283582,5.0,Naive Bayes,0.5986394557823129,0.46808510638297873,0.6438150746944318,3.0
1,0.5718085106382979,0.605568730922406,0.4856230031948882,5.0,Logistic Regression,0.608,0.40425531914893614,0.6140504753282028,3.0
2,0.5345744680851063,0.6254121299931591,0.22907488986784139,5.0,Random Forest,0.6666666666666666,0.13829787234042554,0.661809642372114,3.0
0,0.5441988950276243,0.58829353186311,0.5015105740181269,4.0,Naive Bayes,0.5533333333333333,0.4585635359116022,0.5794694911632734,3.0
1,0.5386740331491713,0.5295021272274141,0.48297213622291024,4.0,Logistic Regression,0.5492957746478874,0.430939226519337,0.5253502640334544,3.0
2,0.5193370165745856,0.5741716630554312,0.2564102564102564,4.0,Random Forest,0.5660377358490566,0.16574585635359115,0.5752876896309637,3.0
0,0.6891304347826087,0.7701993492556376,0.7168316831683168,3.0,Naive Bayes,0.6581818181818182,0.7869565217391304,0.7693572778827977,3.0
1,0.5869565217391305,0.6412290318516188,0.5226130653266332,3.0,Logistic Regression,0.6190476190476191,0.45217391304347826,0.6271455576559546,3.0
2,0.6369565217391304,0.7566393074849083,0.5269121813031162,3.0,Random Forest,0.7560975609756098,0.4043478260869565,0.7742344045368618,3.0
0,0.6325757575757576,0.6562496122272415,0.5764192139737991,2.0,Naive Bayes,0.6804123711340206,0.5,0.6339531680440772,3.0
1,0.5492424242424242,0.5785568550907606,0.4615384615384615,2.0,Logistic Regression,0.5730337078651685,0.38636363636363635,0.5801767676767676,3.0
2,0.5681818181818182,0.6664550217892227,0.3132530120481927,2.0,Random Forest,0.7647058823529411,0.19696969696969696,0.6268365472910928,3.0
0,0.5573394495412844,0.6023029087591687,0.46537396121883656,1.0,Naive Bayes,0.5874125874125874,0.3853211009174312,0.6286928709704569,3.0
1,0.5642201834862385,0.5761926231367377,0.5,1.0,Logistic Regression,0.5864197530864198,0.43577981651376146,0.5754566113963471,3.0
2,0.5458715596330275,0.6528859679693069,0.2720588235294118,1.0,Random Forest,0.6851851851851852,0.16972477064220184,0.6824762225401902,3.0
0,0.6126373626373627,0.6714486092176696,0.5816023738872403,0.0,Naive Bayes,0.632258064516129,0.5384615384615384,0.6537555850742665,3.0
1,0.5686813186813187,0.5517794593866434,0.5602240896358543,0.0,Logistic Regression,0.5714285714285714,0.5494505494505495,0.5716097089723463,3.0
2,0.6016483516483516,0.6762634262299491,0.42687747035573126,0.0,Random Forest,0.7605633802816901,0.2967032967032967,0.6813488709093104,3.0
0,0.6609195402298851,0.7034134659954528,0.6722222222222222,9.0,Naive Bayes,0.6505376344086021,0.6954022988505747,0.7020742502312063,4.0
1,0.6091954022988506,0.6880016331619923,0.6222222222222222,9.0,Logistic Regression,0.6021505376344086,0.6436781609195402,0.6700026423569825,4.0
2,0.6149425287356322,0.6829573123213821,0.48461538461538467,9.0,Random Forest,0.7325581395348837,0.3620689655172414,0.7030981635618972,4.0
0,0.6831683168316832,0.7093464201910141,0.6631578947368421,8.0,Naive Bayes,0.7078651685393258,0.6237623762376238,0.7201744926967945,4.0
1,0.6336633663366337,0.6693546110099364,0.6205128205128205,8.0,Logistic Regression,0.6436170212765957,0.599009900990099,0.649152043917263,4.0
2,0.5841584158415841,0.6838630624751856,0.38686131386861317,8.0,Random Forest,0.7361111111111112,0.2623762376237624,0.690079403980002,4.0
0,0.6730769230769231,0.7195020844466483,0.6637362637362637,7.0,Naive Bayes,0.6832579185520362,0.6452991452991453,0.7315362699978085,4.0
1,0.6282051282051282,0.6338499212500601,0.5671641791044776,7.0,Logistic Regression,0.6785714285714286,0.48717948717948717,0.6642011834319527,4.0
2,0.5662393162393162,0.6910045226718745,0.302405498281787,7.0,Random Forest,0.7719298245614035,0.18803418803418803,0.7237745635181534,4.0
0,0.58203125,0.6258750496740427,0.5023255813953489,6.0,Naive Bayes,0.6206896551724138,0.421875,0.6087646484375,4.0
1,0.560546875,0.5879537961204372,0.5098039215686275,6.0,Logistic Regression,0.5763546798029556,0.45703125,0.570343017578125,4.0
2,0.576171875,0.6485925189593819,0.3363914373088685,6.0,Random Forest,0.7746478873239436,0.21484375,0.62054443359375,4.0
0,0.6145038167938931,0.6133639105051488,0.6007905138339922,5.0,Naive Bayes,0.6229508196721312,0.5801526717557252,0.6651710273294097,4.0
1,0.5381679389312977,0.585604287145927,0.5101214574898786,5.0,Logistic Regression,0.5431034482758621,0.48091603053435117,0.5576598100343803,4.0
2,0.5687022900763359,0.6090417350984865,0.40211640211640204,5.0,Random Forest,0.6551724137931034,0.2900763358778626,0.6505448400442866,4.0
0,0.5958333333333333,0.6663381264081377,0.49214659685863876,4.0,Naive Bayes,0.6619718309859155,0.39166666666666666,0.6571527777777777,4.0
1,0.5541666666666667,0.5786223392297515,0.4830917874396135,4.0,Logistic Regression,0.5747126436781609,0.4166666666666667,0.5550694444444446,4.0
2,0.5583333333333333,0.6616928636891604,0.273972602739726,4.0,Random Forest,0.7692307692307693,0.16666666666666666,0.6497916666666667,4.0
0,0.6571428571428571,0.7333135294376708,0.5789473684210525,3.0,Naive Bayes,0.75,0.4714285714285714,0.7257653061224489,4.0
1,0.6357142857142857,0.738412304629972,0.6382978723404257,3.0,Logistic Regression,0.6338028169014085,0.6428571428571429,0.6976530612244898,4.0
2,0.625,0.7530567660523135,0.45026178010471213,3.0,Random Forest,0.8431372549019608,0.30714285714285716,0.7284693877551022,4.0
0,0.6470588235294118,0.7056654202074492,0.6414342629482072,2.0,Naive Bayes,0.6518218623481782,0.6313725490196078,0.7110495963091119,4.0
1,0.6,0.6331462471568137,0.603112840466926,2.0,Logistic Regression,0.5984555984555985,0.6078431372549019,0.6290503652441368,4.0
2,0.5901960784313726,0.6766299273828646,0.46547314578005117,2.0,Random Forest,0.6691176470588235,0.3568627450980392,0.6793233371780085,4.0
0,0.6956521739130435,0.7746147629059692,0.701219512195122,1.0,Naive Bayes,0.688622754491018,0.7142857142857143,0.7700320203695845,4.0
1,0.593167701863354,0.632954357510649,0.5371024734982333,1.0,Logistic Regression,0.6229508196721312,0.4720496894409938,0.6303769144708924,4.0
2,0.6118012422360248,0.7351880004583178,0.4588744588744589,1.0,Random Forest,0.7571428571428571,0.32919254658385094,0.7376258631997222,4.0
0,0.5879120879120879,0.6253211446630944,0.5535714285714285,0.0,Naive Bayes,0.6038961038961039,0.510989010989011,0.6435213138509841,4.0
1,0.6016483516483516,0.5707662243436823,0.6091644204851753,0.0,Logistic Regression,0.5978835978835979,0.6208791208791209,0.6115505373747132,4.0
2,0.5769230769230769,0.6447659447482594,0.39843749999999994,0.0,Random Forest,0.6891891891891891,0.2802197802197802,0.6549329791088033,4.0
0,0.6557377049180327,0.6880228925871386,0.6626506024096386,9.0,Naive Bayes,0.6496062992125984,0.6762295081967213,0.7062953507121741,5.0
1,0.5532786885245902,0.606460501392505,0.4630541871921182,9.0,Logistic Regression,0.5802469135802469,0.38524590163934425,0.6199274388605214,5.0
2,0.5430327868852459,0.6230560711944506,0.3138461538461539,9.0,Random Forest,0.6296296296296297,0.20901639344262296,0.6630610051061543,5.0
0,0.5727272727272728,0.6310166031841236,0.5315614617940199,8.0,Naive Bayes,0.5882352941176471,0.48484848484848486,0.6432323232323233,5.0
1,0.5757575757575758,0.6360618146712815,0.46153846153846156,8.0,Logistic Regression,0.631578947368421,0.36363636363636365,0.6114967860422406,5.0
2,0.5878787878787879,0.6618464069978367,0.37037037037037035,8.0,Random Forest,0.7843137254901961,0.24242424242424243,0.6800367309458218,5.0
0,0.5938697318007663,0.6515708795994151,0.5859375000000001,7.0,Naive Bayes,0.5976095617529881,0.5747126436781609,0.6322573068510444,5.0
1,0.5517241379310345,0.5711460278920524,0.5411764705882354,7.0,Logistic Regression,0.5542168674698795,0.5287356321839081,0.5682095095491846,5.0
2,0.603448275862069,0.675249947324827,0.48120300751879697,7.0,Random Forest,0.6956521739130435,0.367816091954023,0.6542475888492536,5.0
0,0.532520325203252,0.6170372149737708,0.40414507772020725,6.0,Naive Bayes,0.5571428571428572,0.3170731707317073,0.6172251966422103,5.0
1,0.5447154471544715,0.5855438679437599,0.4563106796116505,6.0,Logistic Regression,0.5662650602409639,0.3821138211382114,0.5738647630378743,5.0
2,0.5487804878048781,0.6333408026128262,0.23448275862068965,6.0,Random Forest,0.7727272727272727,0.13821138211382114,0.6307092339216075,5.0
0,0.6372549019607843,0.6653733477035565,0.6372549019607843,5.0,Naive Bayes,0.6372549019607843,0.6372549019607843,0.7010765090349866,5.0
1,0.6127450980392157,0.6133291675977915,0.5842105263157894,5.0,Logistic Regression,0.6306818181818182,0.5441176470588235,0.6478037293348712,5.0
2,0.6053921568627451,0.7174187552365467,0.4429065743944637,5.0,Random Forest,0.7529411764705882,0.3137254901960784,0.7324826989619377,5.0
0,0.5480349344978166,0.6207205007970189,0.4328767123287672,4.0,Naive Bayes,0.5808823529411765,0.34497816593886466,0.5845426288590988,5.0
1,0.6135371179039302,0.6225998760328939,0.5893271461716937,4.0,Logistic Regression,0.6287128712871287,0.5545851528384279,0.6412539806639843,5.0
2,0.5589519650655022,0.6533596796277767,0.31756756756756754,4.0,Random Forest,0.7014925373134329,0.2052401746724891,0.6440571308708836,5.0
0,0.6550925925925926,0.70986984255931,0.6636568848758465,3.0,Naive Bayes,0.6475770925110133,0.6805555555555556,0.7178712277091908,5.0
1,0.5902777777777778,0.6245015423323204,0.5815602836879432,3.0,Logistic Regression,0.5942028985507246,0.5694444444444444,0.6180769890260631,5.0
2,0.6504629629629629,0.7173460817778992,0.5571847507331378,3.0,Random Forest,0.76,0.4398148148148148,0.7253086419753086,5.0
0,0.6142131979695431,0.6455589544735197,0.5681818181818181,2.0,Naive Bayes,0.6451612903225806,0.5076142131979695,0.6573732897008425,5.0
1,0.6700507614213198,0.7161202699733795,0.6976744186046512,2.0,Logistic Regression,0.6437768240343348,0.7614213197969543,0.7327166378932721,5.0
2,0.565989847715736,0.6591403044114656,0.37362637362637363,2.0,Random Forest,0.6710526315789473,0.25888324873096447,0.6565487386946327,5.0
0,0.6197183098591549,0.6750017216387937,0.5537190082644629,1.0,Naive Bayes,0.67,0.47183098591549294,0.6739734179726244,5.0
1,0.6232394366197183,0.6692195090806196,0.5836575875486381,1.0,Logistic Regression,0.6521739130434783,0.528169014084507,0.6652945844078556,5.0
2,0.5211267605633803,0.6055788083568682,0.24444444444444444,1.0,Random Forest,0.5789473684210527,0.15492957746478872,0.6358361436222971,5.0
0,0.6390977443609023,0.6325540372272814,0.625,0.0,Naive Bayes,0.6504065040650406,0.6015037593984962,0.6630109107354853,5.0
1,0.5375939849624061,0.535023493246017,0.45814977973568277,0.0,Logistic Regression,0.5531914893617021,0.39097744360902253,0.5484764542936289,5.0
2,0.5676691729323309,0.6433888052973278,0.3352601156069364,0.0,Random Forest,0.725,0.21804511278195488,0.6588275199276387,5.0
0,0.5857988165680473,0.6214802233576169,0.5625000000000001,9.0,Naive Bayes,0.5960264900662252,0.5325443786982249,0.6148594236896467,6.0
1,0.5976331360946746,0.5959092698928941,0.5641025641025641,9.0,Logistic Regression,0.6153846153846154,0.5207100591715976,0.6052309092818878,6.0
2,0.5857988165680473,0.6618089724899869,0.411764705882353,9.0,Random Forest,0.7101449275362319,0.28994082840236685,0.6570148104057981,6.0
0,0.5605095541401274,0.647796398715315,0.5460526315789472,8.0,Naive Bayes,0.564625850340136,0.5286624203821656,0.6249746440017852,6.0
1,0.6114649681528662,0.6473739025380039,0.61875,8.0,Logistic Regression,0.6073619631901841,0.6305732484076433,0.6493975414824131,6.0
2,0.589171974522293,0.6500108197375455,0.44155844155844154,8.0,Random Forest,0.6891891891891891,0.3248407643312102,0.6535762099882347,6.0
0,0.651685393258427,0.694799922001519,0.625,7.0,Naive Bayes,0.6768558951965066,0.5805243445692884,0.7053963444570691,6.0
1,0.5674157303370787,0.6346639631873023,0.5497076023391814,7.0,Logistic Regression,0.573170731707317,0.5280898876404494,0.6136711133554966,6.0
2,0.6123595505617978,0.7056178615210619,0.44799999999999995,7.0,Random Forest,0.7777777777777778,0.3146067415730337,0.7205319193704498,6.0
0,0.5733333333333334,0.6256646585625254,0.5151515151515151,6.0,Naive Bayes,0.5964912280701754,0.4533333333333333,0.6354666666666666,6.0
1,0.5766666666666667,0.652649010220469,0.5574912891986061,6.0,Logistic Regression,0.583941605839416,0.5333333333333333,0.6206666666666667,6.0
2,0.58,0.643676359701933,0.35051546391752575,6.0,Random Forest,0.7727272727272727,0.22666666666666666,0.6429777777777779,6.0
0,0.6436170212765957,0.7095002840838881,0.5939393939393939,5.0,Naive Bayes,0.6901408450704225,0.5212765957446809,0.6983363512901766,6.0
1,0.5611702127659575,0.5595682497600809,0.5045045045045045,5.0,Logistic Regression,0.5793103448275863,0.44680851063829785,0.591019692168402,6.0
2,0.5531914893617021,0.658455782878805,0.27586206896551724,5.0,Random Forest,0.7272727272727273,0.1702127659574468,0.6864531462200091,6.0
0,0.6351351351351351,0.6152275947241421,0.6301369863013699,4.0,Naive Bayes,0.6388888888888888,0.6216216216216216,0.6633035062089117,6.0
1,0.5641891891891891,0.5594708046703397,0.5342960288808664,4.0,Logistic Regression,0.5736434108527132,0.5,0.6057797662527392,6.0
2,0.5472972972972973,0.6097290574584504,0.33663366336633666,4.0,Random Forest,0.6296296296296297,0.22972972972972974,0.6442202337472608,6.0
0,0.6595744680851063,0.7046847634857933,0.6363636363636364,3.0,Naive Bayes,0.6829268292682927,0.5957446808510638,0.7047306473517427,6.0
1,0.6170212765957447,0.6718142410588268,0.5443037974683544,3.0,Logistic Regression,0.671875,0.4574468085106383,0.6759563150746944,6.0
2,0.5691489361702128,0.6972116696594219,0.3305785123966942,3.0,Random Forest,0.7407407407407407,0.2127659574468085,0.702636939791761,6.0
0,0.6079295154185022,0.6543692166119499,0.5721153846153846,2.0,Naive Bayes,0.6296296296296297,0.5242290748898678,0.6480622562052437,6.0
1,0.5506607929515418,0.5917980653092596,0.48743718592964824,2.0,Logistic Regression,0.5672514619883041,0.42731277533039647,0.5891439771778998,6.0
2,0.5770925110132159,0.6472001396312596,0.38064516129032255,2.0,Random Forest,0.7108433734939759,0.2599118942731278,0.6398532864988646,6.0
0,0.5767634854771784,0.6164774188769379,0.5384615384615385,1.0,Naive Bayes,0.5920398009950248,0.49377593360995853,0.6153647492295242,6.0
1,0.5809128630705395,0.619560129804553,0.5429864253393665,1.0,Logistic Regression,0.5970149253731343,0.4979253112033195,0.6254713245295362,6.0
2,0.5746887966804979,0.6330219068253807,0.3653250773993808,1.0,Random Forest,0.7195121951219512,0.24481327800829875,0.6301200048208536,6.0
0,0.6234567901234568,0.6486174228588499,0.608974358974359,0.0,Naive Bayes,0.6333333333333333,0.5864197530864198,0.6755448864502362,6.0
1,0.6450617283950617,0.6519802800111889,0.6325878594249201,0.0,Logistic Regression,0.6556291390728477,0.6111111111111112,0.6683051364121322,6.0
2,0.5895061728395061,0.6667655055465946,0.4140969162995594,0.0,Random Forest,0.7230769230769231,0.29012345679012347,0.6802697759487883,6.0
0,0.5743589743589743,0.5740129689271074,0.5537634408602151,9.0,Naive Bayes,0.5819209039548022,0.5282051282051282,0.6181196581196581,7.0
1,0.558974358974359,0.5783318596923133,0.5085714285714287,9.0,Logistic Regression,0.5741935483870968,0.4564102564102564,0.5762524654832347,7.0
2,0.5076923076923077,0.5691299076706291,0.21311475409836067,9.0,Random Forest,0.5306122448979592,0.13333333333333333,0.6273767258382643,7.0
0,0.6123188405797102,0.617956516990052,0.5158371040723982,8.0,Naive Bayes,0.6867469879518072,0.41304347826086957,0.6198277672757824,7.0
1,0.605072463768116,0.6323643794108875,0.5725490196078431,8.0,Logistic Regression,0.6239316239316239,0.5289855072463768,0.6202478470909473,7.0
2,0.5507246376811594,0.6164697373701549,0.2530120481927711,8.0,Random Forest,0.75,0.15217391304347827,0.6145767695862214,7.0
0,0.6081871345029239,0.6716660896285354,0.6011904761904762,7.0,Naive Bayes,0.6121212121212121,0.5906432748538012,0.6337334564481378,7.0
1,0.6374269005847953,0.6934790733652589,0.6287425149700598,7.0,Logistic Regression,0.6441717791411042,0.6140350877192983,0.6914606203618208,7.0
2,0.6228070175438597,0.6834393685393032,0.5095057034220533,7.0,Random Forest,0.7282608695652174,0.391812865497076,0.6733011866899217,7.0
0,0.6666666666666666,0.712409959841593,0.6420454545454546,6.0,Naive Bayes,0.6932515337423313,0.5978835978835979,0.7361216091374821,7.0
1,0.6428571428571429,0.688505479532851,0.6301369863013698,6.0,Logistic Regression,0.6534090909090909,0.6084656084656085,0.6959211668206378,7.0
2,0.5952380952380952,0.7178664539446461,0.39999999999999997,6.0,Random Forest,0.7727272727272727,0.2698412698412698,0.7319783880630442,7.0
0,0.6424418604651163,0.7098430866172791,0.6144200626959248,5.0,Naive Bayes,0.6666666666666666,0.5697674418604651,0.7223837209302326,7.0
1,0.6395348837209303,0.6770011711506132,0.6172839506172839,5.0,Logistic Regression,0.6578947368421053,0.5813953488372093,0.7098769605191997,7.0
2,0.5581395348837209,0.6746676923005858,0.3448275862068966,5.0,Random Forest,0.6666666666666666,0.23255813953488372,0.6790832882639264,7.0
0,0.6111111111111112,0.6211657360239378,0.625,4.0,Naive Bayes,0.603448275862069,0.6481481481481481,0.6487268518518519,7.0
1,0.5671296296296297,0.6060343596647888,0.481994459833795,4.0,Logistic Regression,0.6,0.4027777777777778,0.6117112482853223,7.0
2,0.5787037037037037,0.6687742034658231,0.3973509933774835,4.0,Random Forest,0.6976744186046512,0.2777777777777778,0.6776620370370371,7.0
0,0.5644171779141104,0.6216786967752331,0.5,3.0,Naive Bayes,0.5867768595041323,0.43558282208588955,0.6099589747450036,7.0
1,0.5521472392638037,0.5759508489597578,0.4710144927536232,3.0,Logistic Regression,0.5752212389380531,0.3987730061349693,0.5779668034175166,7.0
2,0.5429447852760736,0.6064948280468621,0.2660098522167488,3.0,Random Forest,0.675,0.1656441717791411,0.6113515751439648,7.0
0,0.5993485342019544,0.6616059721045227,0.5575539568345323,2.0,Naive Bayes,0.6224899598393574,0.504885993485342,0.6500122017209732,7.0
1,0.6302931596091205,0.6941366244179021,0.6146010186757216,2.0,Logistic Regression,0.6418439716312057,0.5895765472312704,0.6633810438307037,7.0
2,0.6026058631921825,0.6767989634989413,0.42180094786729855,2.0,Random Forest,0.7739130434782608,0.2899022801302932,0.6708824496811637,7.0
0,0.6936274509803921,0.7462330973965687,0.6684350132625995,1.0,Naive Bayes,0.7283236994219653,0.6176470588235294,0.7459871203383314,7.0
1,0.6029411764705882,0.6410529530409832,0.564516129032258,1.0,Logistic Regression,0.625,0.5147058823529411,0.6572472126105344,7.0
2,0.6200980392156863,0.7472273630888416,0.45993031358885017,1.0,Random Forest,0.7951807228915663,0.3235294117647059,0.7433679354094578,7.0
0,0.6567796610169492,0.7301576826768499,0.6301369863013699,0.0,Naive Bayes,0.6831683168316832,0.5847457627118644,0.7055443837977592,7.0
1,0.5254237288135594,0.6127591531863463,0.5,0.0,Logistic Regression,0.5283018867924528,0.4745762711864407,0.5851766733697213,7.0
2,0.5847457627118644,0.6936153361247626,0.37974683544303794,0.0,Random Forest,0.75,0.2542372881355932,0.6844297615627694,7.0
0,0.6084070796460177,0.6555121217496098,0.6126914660831511,9.0,Naive Bayes,0.6060606060606061,0.6194690265486725,0.6612499021066646,8.0
1,0.5508849557522124,0.5627033337363643,0.5060827250608272,9.0,Logistic Regression,0.5621621621621622,0.46017699115044247,0.5774336283185841,8.0
2,0.6261061946902655,0.6896379109357638,0.5129682997118155,9.0,Random Forest,0.7355371900826446,0.3938053097345133,0.7022280523141985,8.0
0,0.6081081081081081,0.6783265747096708,0.5337620578778136,8.0,Naive Bayes,0.6587301587301587,0.4486486486486487,0.6533528122717311,8.0
1,0.5783783783783784,0.6726477579930339,0.4935064935064935,8.0,Logistic Regression,0.6178861788617886,0.41081081081081083,0.6440613586559533,8.0
2,0.5540540540540541,0.6459321893164109,0.2918454935622318,8.0,Random Forest,0.7083333333333334,0.1837837837837838,0.6341563184806428,8.0
0,0.6473684210526316,0.6715118913158971,0.6358695652173914,7.0,Naive Bayes,0.6573033707865169,0.6157894736842106,0.6910249307479224,8.0
1,0.6026315789473684,0.6387802206374259,0.5597667638483965,7.0,Logistic Regression,0.6274509803921569,0.5052631578947369,0.638836565096953,8.0
2,0.5815789473684211,0.6876166316223862,0.3954372623574145,7.0,Random Forest,0.7123287671232876,0.2736842105263158,0.6978947368421052,8.0
0,0.540650406504065,0.5635726990979928,0.3151515151515151,6.0,Naive Bayes,0.6190476190476191,0.21138211382113822,0.5837133981095909,8.0
1,0.524390243902439,0.5407327325658484,0.37433155080213903,6.0,Logistic Regression,0.546875,0.2845528455284553,0.5619009848635071,8.0
2,0.5,0.5845955132317748,0.07518796992481203,6.0,Random Forest,0.5,0.04065040650406504,0.6232401348403728,8.0
0,0.628125,0.6928906173802989,0.5795053003533568,5.0,Naive Bayes,0.6666666666666666,0.5125,0.687734375,8.0
1,0.534375,0.6361987403012396,0.47349823321554774,5.0,Logistic Regression,0.5447154471544715,0.41875,0.573046875,8.0
2,0.603125,0.6934057319225246,0.40375586854460094,5.0,Random Forest,0.8113207547169812,0.26875,0.682734375,8.0
0,0.627177700348432,0.6958658735989106,0.6219081272084804,4.0,Naive Bayes,0.6308243727598566,0.6132404181184669,0.6982845487986985,8.0
1,0.6515679442508711,0.6636517309663388,0.6688741721854305,4.0,Logistic Regression,0.637223974763407,0.7038327526132404,0.6956622030132695,8.0
2,0.5923344947735192,0.700584286347895,0.39378238341968913,4.0,Random Forest,0.7676767676767676,0.26480836236933797,0.7216549915623597,8.0
0,0.6732673267326733,0.7186189944716563,0.6615384615384615,3.0,Naive Bayes,0.6861702127659575,0.6386138613861386,0.7291442015488678,8.0
1,0.5965346534653465,0.6411316450092934,0.5219941348973608,3.0,Logistic Regression,0.6402877697841727,0.4405940594059406,0.62748750122537,8.0
2,0.6262376237623762,0.7071709826850909,0.4983388704318936,3.0,Random Forest,0.7575757575757576,0.3712871287128713,0.7225026958141358,8.0
0,0.5892857142857143,0.6476589125956191,0.5157894736842106,2.0,Naive Bayes,0.6282051282051282,0.4375,0.6609534438775512,8.0
1,0.5714285714285714,0.6348900372115506,0.5151515151515151,2.0,Logistic Regression,0.5930232558139535,0.45535714285714285,0.6265943877551021,8.0
2,0.5669642857142857,0.6551192298877802,0.3216783216783217,2.0,Random Forest,0.7419354838709677,0.20535714285714285,0.6614317602040816,8.0
0,0.6543778801843319,0.7242398911200759,0.647887323943662,1.0,Naive Bayes,0.6602870813397129,0.6359447004608295,0.7079360360169042,8.0
1,0.6336405529953917,0.6643883868348877,0.631090487238979,1.0,Logistic Regression,0.6355140186915887,0.6267281105990783,0.6860200896175328,8.0
2,0.6152073732718893,0.7128710186038729,0.45245901639344266,1.0,Random Forest,0.7840909090909091,0.31797235023041476,0.711503748221453,8.0
0,0.6570397111913358,0.6882834417487285,0.6481481481481483,0.0,Naive Bayes,0.6653992395437263,0.631768953068592,0.6958386007897926,8.0
1,0.572202166064982,0.586028100447465,0.5325443786982249,0.0,Logistic Regression,0.5869565217391305,0.48736462093862815,0.6022103767806175,8.0
2,0.5830324909747292,0.7030185192809032,0.3773584905660377,0.0,Random Forest,0.7446808510638298,0.2527075812274368,0.7035149682649324,8.0
0,0.5645161290322581,0.6186850802977719,0.46,9.0,Naive Bayes,0.6052631578947368,0.3709677419354839,0.6515348595213319,9.0
1,0.49193548387096775,0.5195694143923024,0.29213483146067415,9.0,Logistic Regression,0.48148148148148145,0.20967741935483872,0.5178850156087409,9.0
2,0.5282258064516129,0.6191739126472438,0.21476510067114093,9.0,Random Forest,0.64,0.12903225806451613,0.6337799167533819,9.0
0,0.6067415730337079,0.6272563723892667,0.6153846153846154,8.0,Naive Bayes,0.6021505376344086,0.6292134831460674,0.6414909733619493,9.0
1,0.5589887640449438,0.606279236008928,0.5552407932011332,8.0,Logistic Regression,0.56,0.550561797752809,0.6075937381643731,9.0
2,0.601123595505618,0.6779691616473796,0.47794117647058826,8.0,Random Forest,0.6914893617021277,0.3651685393258427,0.6876972604469134,9.0
0,0.6380090497737556,0.6688919189398873,0.624413145539906,7.0,Naive Bayes,0.6487804878048781,0.6018099547511312,0.704940521283348,9.0
1,0.6040723981900452,0.6429094636034856,0.5333333333333333,7.0,Logistic Regression,0.6493506493506493,0.45248868778280543,0.6414692573862124,9.0
2,0.5723981900452488,0.6710661801266138,0.3593220338983051,7.0,Random Forest,0.7162162162162162,0.2398190045248869,0.7062918449663192,9.0
0,0.5782312925170068,0.5795118531709089,0.5,6.0,Naive Bayes,0.6138613861386139,0.4217687074829932,0.5825813318524689,9.0
1,0.5918367346938775,0.6518252128851563,0.5652173913043479,6.0,Logistic Regression,0.6046511627906976,0.5306122448979592,0.6284534221852006,9.0
2,0.5510204081632653,0.6005181144969255,0.2747252747252747,6.0,Random Forest,0.7142857142857143,0.17006802721088435,0.6215003008005924,9.0
0,0.596045197740113,0.6466605532494704,0.528052805280528,5.0,Naive Bayes,0.6349206349206349,0.4519774011299435,0.6644323151074084,9.0
1,0.5423728813559322,0.6022046938165948,0.45270270270270274,5.0,Logistic Regression,0.5630252100840336,0.3785310734463277,0.5907306329598774,9.0
2,0.5536723163841808,0.6564107056514442,0.29464285714285715,5.0,Random Forest,0.7021276595744681,0.1864406779661017,0.6926489833700405,9.0
0,0.6616915422885572,0.7463868961389617,0.6894977168949772,4.0,Naive Bayes,0.6371308016877637,0.7512437810945274,0.7419370807653276,9.0
1,0.6865671641791045,0.7434936583691434,0.7,4.0,Logistic Regression,0.6712328767123288,0.7313432835820896,0.7449815598623796,9.0
2,0.6990049751243781,0.7817798900463014,0.6366366366366366,4.0,Random Forest,0.803030303030303,0.527363184079602,0.7728274052622461,9.0
0,0.6073446327683616,0.6363774460727529,0.580060422960725,3.0,Naive Bayes,0.6233766233766234,0.5423728813559322,0.6350665517571579,9.0
1,0.5423728813559322,0.5387846322057064,0.46,3.0,Logistic Regression,0.5609756097560976,0.3898305084745763,0.5560024258674072,9.0
2,0.5423728813559322,0.6243265688227169,0.3305785123966942,3.0,Random Forest,0.6153846153846154,0.22598870056497175,0.6404289954993777,9.0
0,0.672514619883041,0.7078584647473349,0.6455696202531644,2.0,Naive Bayes,0.7034482758620689,0.5964912280701754,0.7109537977497349,9.0
1,0.5409356725146199,0.5688850512944563,0.4749163879598662,2.0,Logistic Regression,0.5546875,0.4152046783625731,0.5616428986696761,9.0
2,0.6052631578947368,0.6977857281251796,0.4206008583690987,2.0,Random Forest,0.7903225806451613,0.28654970760233917,0.6920761943845968,9.0
0,0.55,0.5756939622242793,0.47058823529411764,1.0,Naive Bayes,0.5714285714285714,0.4,0.5967768595041323,9.0
1,0.6227272727272727,0.6306215754456114,0.5743589743589743,1.0,Logistic Regression,0.6588235294117647,0.509090909090909,0.6308264462809917,9.0
2,0.5272727272727272,0.5439400245384132,0.2571428571428571,1.0,Random Forest,0.6,0.16363636363636364,0.5622314049586776,9.0
0,0.6834061135371179,0.7583345476276706,0.7173489278752436,0.0,Naive Bayes,0.647887323943662,0.8034934497816594,0.753284643694819,9.0
1,0.6222707423580786,0.6599738375459648,0.6614481409001958,0.0,Logistic Regression,0.599290780141844,0.7379912663755459,0.6769893785396921,9.0
2,0.6746724890829694,0.740484438671946,0.5962059620596206,0.0,Random Forest,0.7857142857142857,0.48034934497816595,0.7616559562174634,9.0
