accuracy,average_precision,f1,fold,method,precision,recall,roc_auc,run
0.6667374681393373,0.7126475000583604,0.6727158948685856,0.0,Naive Bayes,0.6608606557377049,0.6850042480883602,0.7207728723646152,0.0
0.6981733220050977,0.7566429932534008,0.7035259753807636,0.0,Logistic Regression,0.6912669126691267,0.7162276975361087,0.7655816777097715,0.0
0.8250849617672048,0.8934385060541149,0.8321272041585975,0.0,Random Forest,0.7999216147364295,0.867034834324554,0.9039486288094741,0.0
0.655161427357689,0.710167707778484,0.658821057055795,1.0,Naive Bayes,0.6519026824703681,0.6658878504672897,0.7112114703438678,0.0
0.6960492778249787,0.7475816332967673,0.7023710482529119,1.0,Logistic Regression,0.6880603096984516,0.7172897196261683,0.7605152368137821,0.0
0.8367672047578589,0.8989389355697455,0.8436578171091446,1.0,Random Forest,0.8094866289283623,0.8808411214953271,0.9094963182031126,0.0
0.6622769753610875,0.7174464974180452,0.6661066778664427,2.0,Naive Bayes,0.6586378737541528,0.6737468139337298,0.7191098197612265,0.0
0.701465590484282,0.7523580298067425,0.7036997997259408,2.0,Logistic Regression,0.6984724837832182,0.7090059473237044,0.7644859091233923,0.0
0.8318819031435853,0.8941288860404517,0.8376576761357809,2.0,Random Forest,0.809835415427325,0.8674596431605778,0.9065108586119253,0.0
0.6619583687340697,0.7158019552334635,0.6651236191478169,3.0,Naive Bayes,0.6589535126120492,0.671410365335599,0.7211289700858063,0.0
0.6985981308411215,0.7524997286531051,0.7020159596808064,3.0,Logistic Regression,0.6941445182724253,0.7100679694137638,0.7664941414638688,0.0
0.8400594732370433,0.9049307365831458,0.8458546571136131,3.0,Random Forest,0.8162781509284868,0.8776550552251486,0.9139867452063734,0.0
0.6619583687340697,0.7155661859255517,0.6675023503603885,4.0,Naive Bayes,0.656731757451182,0.6786321155480034,0.7194174181728672,0.0
0.6967926932880204,0.7530814761479012,0.7010158131741544,4.0,Logistic Regression,0.6913860772567652,0.7109175870858114,0.7652555818870463,0.0
0.8344307561597282,0.8988283809151629,0.840576746088557,4.0,Random Forest,0.8104910274107671,0.872982158028887,0.9096702615407604,0.0
0.6606839422259984,0.7095411219167607,0.6644260056716731,5.0,Naive Bayes,0.6571784749636401,0.6718351741716228,0.7159388672293729,0.0
0.6927570093457944,0.7412509118147372,0.6949920927780706,5.0,Logistic Regression,0.6899727862675319,0.7000849617672048,0.7587942106171169,0.0
0.8288020390824129,0.8881971312418298,0.8354430379746834,5.0,Random Forest,0.8042452830188679,0.8691588785046729,0.9023473620706707,0.0
0.6488954970263382,0.7073779525903074,0.6540393470071159,6.0,Naive Bayes,0.6445957095709571,0.6637638062871708,0.7096590412818904,0.0
0.6928632115548004,0.7422749479733999,0.6965372507869884,6.0,Logistic Regression,0.6883036084612194,0.7049702633814783,0.756337348384391,0.0
0.8303950722175021,0.8963893287078302,0.8354795508396002,6.0,Random Forest,0.8111622324464893,0.8612999150382328,0.9079758535698019,0.0
0.6600807308264287,0.7147038817681832,0.6614473127380448,7.0,Naive Bayes,0.6587987355110643,0.6641172721478649,0.721011954901841,0.0
0.6953473550031868,0.7561858678458372,0.6941778630838131,7.0,Logistic Regression,0.6968529222864484,0.691523263224984,0.7668848528440504,0.0
0.8333333333333334,0.8913069500804178,0.8384306456595614,7.0,Random Forest,0.8135491606714629,0.8648820905035054,0.9055369983790736,0.0
0.6675164648396006,0.7139170045204722,0.6702486304256215,8.0,Naive Bayes,0.66478578892372,0.6758019970257064,0.7233989995147556,0.0
0.6994901210962396,0.74813247258171,0.7042960175603638,8.0,Logistic Regression,0.6932098765432099,0.715742511153601,0.7650313468014698,0.0
0.8334395581049501,0.9039295815138885,0.8391134824543403,8.0,Random Forest,0.8114705298670372,0.868706182281708,0.9123709274241759,0.0
0.6567877629063098,0.7094020990527529,0.6587092003802684,9.0,Naive Bayes,0.6550420168067227,0.6624176758019971,0.7130134349624788,0.0
0.6983216486084555,0.75401160710061,0.6993436375185264,9.0,Logistic Regression,0.6969824857564887,0.7017208413001912,0.7642349882417054,0.0
0.8232419800297429,0.8858159639801596,0.8302733578131375,9.0,Random Forest,0.7985089268196979,0.864669640960272,0.9010252552271862,0.0
0.6566482582837723,0.704905887609504,0.6622087556159231,0.0,Naive Bayes,0.6516553567756529,0.6731096006796942,0.7112601050003284,1.0
0.6979609175870858,0.7397974108240396,0.7025726835390086,0.0,Logistic Regression,0.69200659250103,0.7134664401019541,0.7581291610151812,1.0
0.8310322854715378,0.8919176462431228,0.8374041900868676,0.0,Random Forest,0.806972621626945,0.8702209005947323,0.9045936245108563,1.0
0.6580288870008496,0.7089108903177538,0.6609098567818029,1.0,Naive Bayes,0.6553884711779449,0.6665250637213254,0.7160200302599599,1.0
0.7006159728122345,0.7389019962312537,0.7014087490731913,1.0,Logistic Regression,0.6995563067821677,0.7032710280373832,0.760885185035468,1.0
0.8328377230246389,0.8870841243846497,0.838597210828548,1.0,Random Forest,0.8106661379857256,0.8685216652506372,0.9033776453102476,1.0
0.661321155480034,0.7072339808790065,0.6653373911218385,2.0,Naive Bayes,0.6575399294752126,0.673322005097706,0.7186917782707213,1.0
0.6921197960917587,0.7454096395698139,0.6972956040513731,2.0,Logistic Regression,0.6857670979667283,0.7092183517417162,0.7621369634938704,1.0
0.8280586236193713,0.8902565703482723,0.8352498219192022,2.0,Random Forest,0.8017190857589372,0.8717077315208156,0.9037582408222162,1.0
0.6610025488530161,0.7106231278646553,0.6627218934911243,3.0,Naive Bayes,0.6593776282590412,0.6661002548853017,0.7164598626030351,1.0
0.6943500424808836,0.7480782687888549,0.6998331247392574,3.0,Logistic Regression,0.6875,0.7126168224299065,0.7576612216303853,1.0
0.8261469838572643,0.8902558489686749,0.8340261583696644,3.0,Random Forest,0.7978661493695441,0.8736193712829227,0.9044957010212016,1.0
0.6675870858113849,0.7209964343829656,0.6717701342281879,4.0,Naive Bayes,0.6634217067108533,0.6803313508920985,0.7253219722535225,1.0
0.701465590484282,0.7550929472002506,0.7055619566355923,4.0,Logistic Regression,0.696011572638975,0.7153780798640612,0.7684693040425775,1.0
0.8382540356839422,0.8977856610839056,0.8451448906964921,4.0,Random Forest,0.8106104934659645,0.8827527612574342,0.9109389132473225,1.0
0.6637638062871708,0.7142240794852732,0.6680645837701824,5.0,Naive Bayes,0.6596273291925466,0.6767204757858963,0.7230161120571358,1.0
0.6963678844519966,0.7451929298494661,0.6996533249290892,5.0,Logistic Regression,0.6921637913115777,0.7073067119796091,0.7634727472679775,1.0
0.8317757009345794,0.8984281335606155,0.838795033584368,5.0,Random Forest,0.8051973427119968,0.8753186066270179,0.9091656882588901,1.0
0.6628079864061173,0.7126089235352626,0.6667366432245199,6.0,Naive Bayes,0.6590578958290102,0.6745964316057774,0.7182480208672453,1.0
0.6999787595581988,0.7496020900615795,0.7010265636575299,6.0,Logistic Regression,0.6985867960345918,0.703483432455395,0.7645266485434147,1.0
0.8320943075615973,0.8945900320583257,0.8385581537833146,6.0,Random Forest,0.807472959685349,0.8721325403568394,0.9058848791514507,1.0
0.6548757170172084,0.7012415696318228,0.6562268543011323,7.0,Naive Bayes,0.6536677908937606,0.6588060335670278,0.7073966337286375,1.0
0.688655194391332,0.7420031785998344,0.6917008520037867,7.0,Logistic Regression,0.685,0.698534098151689,0.7537698510221839,1.0
0.8323773103887827,0.89095768839555,0.8385842880523732,7.0,Random Forest,0.8086407575458671,0.8708306777140429,0.906119982132032,1.0
0.6629487996600807,0.7169288668183104,0.6638415086343893,8.0,Naive Bayes,0.6620879120879121,0.6656044189504993,0.7216464149038025,1.0
0.6974718504355215,0.7526509466764593,0.6986243386243386,8.0,Logistic Regression,0.6959730128610584,0.7012959422137243,0.7649964124597527,1.0
0.8274909708944126,0.8977551061884812,0.8327497425334707,8.0,Random Forest,0.8081151309214472,0.8589335032929679,0.9065077352711692,1.0
0.659124707881878,0.7096573720203462,0.6621038222596609,9.0,Naive Bayes,0.6563674321503131,0.6679413639260675,0.7119884685980663,1.0
0.6995963458678564,0.7521823602538054,0.7031905961376994,9.0,Logistic Regression,0.6948765816220701,0.7117059698321648,0.7635003740998597,1.0
0.8334395581049501,0.8979871552972272,0.8390804597701149,9.0,Random Forest,0.8115942028985508,0.8684937327384746,0.9095973031771429,1.0
0.667268479184367,0.7244156249714644,0.6730668892831055,0.0,Naive Bayes,0.6615384615384615,0.6850042480883602,0.7235775310413628,2.0
0.6966864910790145,0.7538667662193366,0.6994316985897707,0.0,Logistic Regression,0.6931581143095537,0.7058198810535259,0.7665034804006845,2.0
0.8377230246389125,0.899453565384742,0.8437308242994478,0.0,Random Forest,0.8136094674556213,0.8761682242990654,0.9091134669093045,2.0
0.6683305012744265,0.716139840271696,0.6723323890462701,1.0,Naive Bayes,0.6643168152602115,0.6805437553101105,0.7222555075364769,2.0
0.6999787595581988,0.7444027091197186,0.7037852574184753,1.0,Logistic Regression,0.6949679022571961,0.7128292268479184,0.7645953596582472,2.0
0.8325191163976211,0.8940510753142286,0.8390652107357893,1.0,Random Forest,0.8075034374386172,0.8731945624468989,0.9065264235066183,2.0
0.6601529311809685,0.7098709115844017,0.6637242538881883,2.0,Naive Bayes,0.6568219633943427,0.6707731520815633,0.7169648419256365,2.0
0.6940314358538657,0.7475040498855049,0.6977866358963601,2.0,Logistic Regression,0.6893264248704664,0.7064570943075617,0.761332641921161,2.0
0.8316694987255735,0.8931743780699243,0.8377852829802476,2.0,Random Forest,0.8084139838040687,0.8693712829226848,0.906915117275391,2.0
0.6499575191163977,0.7050361595907442,0.6537087623450305,3.0,Naive Bayes,0.6467775467775467,0.6607901444350043,0.7097909594038672,2.0
0.6950934579439252,0.7410881883974731,0.6987724268177526,3.0,Logistic Regression,0.6904416338378603,0.7073067119796091,0.7588867427881754,2.0
0.830607476635514,0.8896841538666433,0.8370952915943213,3.0,Random Forest,0.8062168011017116,0.8704333050127443,0.9046845099611718,2.0
0.6627017841971113,0.7130164397639747,0.6654024441635061,4.0,Naive Bayes,0.6601170568561873,0.6707731520815633,0.7182363359173164,2.0
0.699447748513169,0.7526437426866901,0.7019797809604044,4.0,Logistic Regression,0.6961152882205514,0.7079439252336449,0.7663675921026702,2.0
0.8301826677994902,0.8937582907521139,0.8361848171293925,4.0,Random Forest,0.8076390263209974,0.866822429906542,0.9044834070101759,2.0
0.6569668649107901,0.707648865555311,0.6633312486971022,5.0,Naive Bayes,0.6512484650020467,0.6758708581138487,0.7149987475899227,2.0
0.6943500424808836,0.7489280973090171,0.6985756179304565,5.0,Logistic Regression,0.6890495867768595,0.7083687340696686,0.7594082344338421,2.0
0.8324129141886151,0.8962508391544608,0.8384851586489251,5.0,Random Forest,0.809166337416041,0.8700084961767205,0.9070371099572737,2.0
0.6612149532710281,0.7167561888751492,0.6654080134256346,6.0,Naive Bayes,0.6572731040198923,0.6737468139337298,0.7202442073326984,2.0
0.6989167374681393,0.7517783901983546,0.7021120100872124,6.0,Logistic Regression,0.6947390309835725,0.70964316057774,0.7659809962110082,2.0
0.8360237892948174,0.8976413998587777,0.8412176059234883,6.0,Random Forest,0.8153907496012759,0.8687340696686491,0.910734516854841,2.0
0.659974506054812,0.7152721373725743,0.6632298790110468,7.0,Naive Bayes,0.6569403918299291,0.6696409602719354,0.7177115623057371,2.0
0.7024644147015084,0.7496013536046036,0.7064249030499947,7.0,Logistic Regression,0.6971452213487794,0.7159549606968345,0.7648273374674109,2.0
0.833864457191417,0.8925417009822506,0.8413793103448276,7.0,Random Forest,0.804967979817582,0.8812407053324836,0.9068871836055572,2.0
0.655831739961759,0.706740340805869,0.6601636249213341,8.0,Naive Bayes,0.6519577377252952,0.668578712555768,0.7117546251556417,2.0
0.7033142128744423,0.7482545352350938,0.70578320868008,8.0,Logistic Regression,0.6999582114500627,0.7117059698321648,0.7626901140191017,2.0
0.8316337369874655,0.8936856805099151,0.8389063929261104,8.0,Random Forest,0.8041699142634451,0.8767792649245804,0.9065166042610238,2.0
0.659124707881878,0.7105669982973681,0.6593779853518734,9.0,Naive Bayes,0.6588884174798473,0.6598682812831952,0.7148653161519563,2.0
0.6946037816018695,0.7526116142251364,0.6952835188129305,9.0,Logistic Regression,0.6937394247038917,0.6968345018058211,0.7632728043958054,2.0
0.833864457191417,0.8966449789322747,0.8388293487221764,9.0,Random Forest,0.8144886932159295,0.864669640960272,0.9091293454834433,2.0
0.6520815632965166,0.705445024965078,0.6581803005008346,0.0,Naive Bayes,0.6468416735028713,0.6699235344095157,0.7101467864312376,3.0
0.6913763806287171,0.741035173635902,0.6967863105175293,0.0,Logistic Regression,0.6847826086956522,0.7092183517417162,0.7559288714088855,3.0
0.8281648258283772,0.8933918770370823,0.8353683353683353,0.0,Random Forest,0.8017578125,0.8719201359388276,0.9048199019871813,3.0
0.6484706881903144,0.700691246422316,0.6489925768822905,1.0,Naive Bayes,0.6480304955527318,0.6499575191163977,0.7044781871309992,3.0
0.6915887850467289,0.7482505628171834,0.691654279040136,1.0,Logistic Regression,0.6915074309978768,0.6918011894647409,0.7587963310520461,3.0
0.8281648258283772,0.8909815804742779,0.8344587681604255,1.0,Random Forest,0.8049743387287801,0.8661852166525064,0.9040443190751078,3.0
0.6618521665250637,0.7154487275529496,0.6668061950606949,2.0,Naive Bayes,0.6571782178217822,0.6767204757858963,0.7165269946705801,3.0
0.699660152931181,0.756463505080843,0.7010570824524313,2.0,Logistic Regression,0.6978114478114478,0.7043330501274426,0.7641844464383551,3.0
0.832731520815633,0.8971438984208547,0.8390393459376597,2.0,Random Forest,0.8085483553279496,0.8719201359388276,0.9084060311666038,3.0
0.6628079864061173,0.7168426580313553,0.6683380340541105,3.0,Naive Bayes,0.6575539568345323,0.679481733220051,0.7216710795774867,3.0
0.7059260832625318,0.7525263955655713,0.7108093994778067,3.0,Logistic Regression,0.6991986850215739,0.7228122344944775,0.7697480165361441,3.0
0.8340059473237044,0.8923225865050148,0.8405915349311576,3.0,Random Forest,0.8085148126348832,0.8753186066270179,0.9051902788074169,3.0
0.6640824129141886,0.7237542239746051,0.6675775091960062,4.0,Naive Bayes,0.6607031412523403,0.6745964316057774,0.7247696666279273,3.0
0.7033772302463891,0.7523766097254454,0.7065251654933278,4.0,Logistic Regression,0.6991058432106467,0.7141036533559898,0.7695025423563644,3.0
0.836873406966865,0.9005972456947239,0.842526143120771,4.0,Random Forest,0.8143083630598494,0.872769753610875,0.9103053318020485,3.0
0.6622769753610875,0.7083575901111228,0.6658259773013872,5.0,Naive Bayes,0.6589018302828619,0.6728971962616822,0.7173252256323227,3.0
0.6932880203908242,0.744386303389698,0.6940029667302394,5.0,Logistic Regression,0.6923890063424947,0.695624468988955,0.7586286813457308,3.0
0.8260407816482583,0.892764192316436,0.8329594126045279,5.0,Random Forest,0.8010984699882306,0.8674596431605778,0.9059954801350436,3.0
0.6509133389974512,0.7066064807863269,0.6529405553795797,6.0,Naive Bayes,0.6491706907411295,0.6567544604927783,0.7085385493265499,3.0
0.6910577740016992,0.7424725547611394,0.6940792933010832,6.0,Logistic Regression,0.6873568006665278,0.7009345794392523,0.756390855529625,3.0
0.8294392523364486,0.8937240130478827,0.8348755911988486,6.0,Random Forest,0.8090872857712236,0.8623619371282922,0.9042284585466702,3.0
0.6631612492033142,0.7039631116887352,0.6655416095348592,7.0,Naive Bayes,0.6608713866778383,0.6702783089016359,0.714252611127653,3.0
0.6898236668791162,0.7420748027125094,0.6946245555323155,7.0,Logistic Regression,0.6840370751802266,0.7055449330783938,0.7536053346454925,3.0
0.8258975993201615,0.890806712238347,0.8321556579621096,7.0,Random Forest,0.8032819296164492,0.8631824941576376,0.9015827603807914,3.0
0.6653919694072657,0.7210359902191374,0.6686303387334316,8.0,Naive Bayes,0.6622212961033549,0.675164648396006,0.724792897803194,3.0
0.6909921393669004,0.7534780213731049,0.6936282253817798,8.0,Logistic Regression,0.6877610693400167,0.6995963458678564,0.7614267004618058,3.0
0.8249415763756108,0.895728701649386,0.8305224187577129,8.0,Random Forest,0.8048634642216465,0.8578712555768006,0.9064522420242167,3.0
0.6522200977267899,0.7081672237701095,0.6585314977054652,9.0,Naive Bayes,0.6467936898176603,0.6707032079881028,0.7128174596243186,3.0
0.6987465476949225,0.7497422065791232,0.7015365186276573,9.0,Logistic Regression,0.6950990615224192,0.7080943275971957,0.7640387420946948,3.0
0.8357765030805184,0.9030634833867641,0.8408154859967051,9.0,Random Forest,0.8157842157842158,0.8674314850223072,0.9118351321134207,3.0
0.659303313508921,0.716389181464206,0.6651356993736952,0.0,Naive Bayes,0.6539408866995073,0.6767204757858963,0.7167095325370364,4.0
0.7000849617672048,0.7525300008651742,0.7029244687565748,0.0,Logistic Regression,0.6963318049187162,0.70964316057774,0.7624346815810541,4.0
0.8265717926932881,0.8876433673592913,0.8332141762843428,0.0,Random Forest,0.8024788510722014,0.8663976210705183,0.9012668425695267,4.0
0.6645072217502124,0.7152795106380027,0.667578659370725,1.0,Naive Bayes,0.6615224191866528,0.6737468139337298,0.7192764769235322,4.0
0.7011469838572643,0.7546365622517928,0.7039141414141414,1.0,Logistic Regression,0.6974562135112594,0.7104927782497876,0.7676047530947523,4.0
0.8338997451146983,0.8930077508317981,0.8397212543554008,1.0,Random Forest,0.8112871287128713,0.8702209005947323,0.9071271382104901,4.0
0.6557986406117248,0.7073755384419869,0.6601656705462933,2.0,Naive Bayes,0.6518948022364879,0.6686491079014444,0.7139692538739895,4.0
0.7040144435004249,0.7430272074827778,0.7062914954157444,2.0,Logistic Regression,0.7008993934323363,0.7117672047578589,0.7638299728800884,4.0
0.8311384876805438,0.8973917850817414,0.8373235113566606,2.0,Random Forest,0.807737860244769,0.8691588785046729,0.9078695836873406,4.0
0.6641886151231946,0.721749129137257,0.6696615127455078,3.0,Naive Bayes,0.658922697368421,0.6807561597281223,0.7243791456758647,4.0
0.7061384876805438,0.753832385980388,0.7097450959823769,3.0,Logistic Regression,0.701139896373057,0.7185641461342396,0.7666903493682728,4.0
0.8334749362786746,0.8981636008182572,0.8403583791488496,3.0,Random Forest,0.8070003910833008,0.8765930331350892,0.9081026510670029,4.0
0.6574978759558199,0.7078483495169948,0.662903731577297,4.0,Naive Bayes,0.6526034163408109,0.673534409515718,0.715765758531006,4.0
0.6919073916737468,0.74538087689267,0.6962621715003665,4.0,Logistic Regression,0.6865579186454677,0.7062446898895497,0.7573302984345235,4.0
0.8309260832625318,0.8904359242151295,0.8376504181113603,4.0,Random Forest,0.8056100431541781,0.8723449447748514,0.9030785286383234,4.0
0.6610025488530161,0.7179198377473657,0.6638584667228306,5.0,Naive Bayes,0.658312447786132,0.6694987255734919,0.7220633600393842,4.0
0.7009345794392523,0.7536282775446967,0.701188455008489,5.0,Logistic Regression,0.7005937234944869,0.7017841971112999,0.7677898625525056,4.0
0.832731520815633,0.8960276471681173,0.8385774315875782,5.0,Random Forest,0.8102594573182809,0.868946474086661,0.9068291494294857,4.0
0.6610025488530161,0.7136981881023019,0.6654088050314465,6.0,Naive Bayes,0.6568708609271523,0.6741716227697536,0.7196491771990625,4.0
0.6965802888700084,0.7498499973615042,0.7017433970143021,6.0,Logistic Regression,0.6900020529665366,0.713891248937978,0.7651661626949267,4.0
0.8329439252336449,0.895600513336434,0.8389474761953518,6.0,Random Forest,0.8098438426566515,0.8702209005947323,0.9071556964085787,4.0
0.6560441895049925,0.7142273718738478,0.6579336572998099,7.0,Naive Bayes,0.6543391468795966,0.6615678776290631,0.7140054980515528,4.0
0.6954535797748035,0.7487293609200789,0.6965816488517302,7.0,Logistic Regression,0.6940109658371995,0.6991714467813894,0.7608092111478102,4.0
0.8333333333333334,0.8936247697136666,0.8383307573415765,7.0,Random Forest,0.8139255702280912,0.864244741873805,0.9071594593373515,4.0
0.6527512215848736,0.7029563692002936,0.6549868073878627,8.0,Naive Bayes,0.6507969798657718,0.6592309326534948,0.7079409143833757,4.0
0.6901423411939664,0.7405412150122287,0.6928503738022532,8.0,Logistic Regression,0.6868475991649269,0.6989589972381559,0.756240756109143,4.0
0.8273847461227959,0.8894161803646023,0.8329392412871389,8.0,Random Forest,0.8069721115537849,0.8606330996388358,0.9040772484051502,4.0
0.6549819417888252,0.7149483174028598,0.6613138686131387,9.0,Naive Bayes,0.6493958631988531,0.6736775015933716,0.7149975160058186,4.0
0.6950286806883366,0.7510690708994757,0.6965437057393511,9.0,Logistic Regression,0.693100546907867,0.7000212449543234,0.7628082769475456,4.0
0.834714255364351,0.8961144828222084,0.8405084050840509,9.0,Random Forest,0.8120419885125767,0.8710431272572764,0.9074291623850659,4.0
0.6606839422259984,0.7180346751169344,0.6640025239247028,0.0,Naive Bayes,0.6575713393043116,0.6705607476635514,0.7214468548626355,5.0
0.6966864910790145,0.7540698826712151,0.6994316985897707,0.0,Logistic Regression,0.6931581143095537,0.7058198810535259,0.7660239462972332,5.0
0.8338997451146983,0.9034359446841619,0.840798045602606,0.0,Random Forest,0.8072713057075841,0.877230246389125,0.9124947485398776,5.0
0.6601529311809685,0.7145131970452022,0.6623047699451244,1.0,Naive Bayes,0.6581375838926175,0.6665250637213254,0.7182704433387304,5.0
0.7041206457094308,0.7515609313063661,0.707168383434938,1.0,Logistic Regression,0.6999583853516438,0.7145284621920136,0.7683717640358356,5.0
0.8421835174171622,0.9019378332575345,0.8468672712283594,1.0,Random Forest,0.8224579663730984,0.872769753610875,0.9139350426866109,5.0
0.6574978759558199,0.717280509408039,0.6617014580929402,2.0,Naive Bayes,0.6536787564766839,0.6699235344095157,0.7163810004699245,5.0
0.6943500424808836,0.749287261797411,0.6991427974074849,2.0,Logistic Regression,0.6883491148620832,0.7102803738317757,0.7593197175544582,5.0
0.8290144435004249,0.901046110992615,0.8348040221629386,2.0,Random Forest,0.8074632790789996,0.8640611724723875,0.9079428514814892,5.0
0.6542056074766355,0.7030817034877732,0.6566125290023201,3.0,Naive Bayes,0.652073732718894,0.6612149532710281,0.7135612280548519,5.0
0.693712829226848,0.7416283357847606,0.6946209233375689,3.0,Logistic Regression,0.6925675675675675,0.6966864910790145,0.7570405658150519,5.0
0.8260407816482583,0.887167126260818,0.8321033210332104,3.0,Random Forest,0.804080824088748,0.8621495327102804,0.9009838321799369,5.0
0.6564358538657604,0.7040668421699583,0.6601533774556151,4.0,Naive Bayes,0.6530866763666597,0.667374681393373,0.708170721539793,5.0
0.7007221750212405,0.7479600115346539,0.7038049190666387,4.0,Logistic Regression,0.6966292134831461,0.7111299915038233,0.7655376448482636,5.0
0.8296516567544605,0.8960726141338826,0.8362262609761079,4.0,Random Forest,0.8051513959889894,0.8697960917587085,0.9055763107536188,5.0
0.6556924384027187,0.7067890325794597,0.6605946398659966,5.0,Naive Bayes,0.6513212221304707,0.6701359388275276,0.7118311336151918,5.0
0.6920135938827527,0.7490074205741857,0.6968429855739076,5.0,Logistic Regression,0.6860848085631948,0.7079439252336449,0.760968288038437,5.0
0.8275276125743416,0.8915012658222758,0.8345221112696147,5.0,Random Forest,0.8019976498237368,0.8697960917587085,0.9031485029909863,5.0
0.6545242141036534,0.7040263060335694,0.6608278594515692,6.0,Naive Bayes,0.6489862789268892,0.6731096006796942,0.7088553062124593,5.0
0.6857476635514018,0.73850126453789,0.690836903144917,6.0,Logistic Regression,0.6798272671190623,0.7022090059473237,0.753472776141985,5.0
0.8265717926932881,0.8918869804358893,0.8332141762843428,6.0,Random Forest,0.8024788510722014,0.8663976210705183,0.9040354989681152,5.0
0.6737837263649883,0.7267559247890061,0.6758839050131926,7.0,Naive Bayes,0.6715604026845637,0.6802634374336095,0.7322103522189558,5.0
0.7026768642447419,0.7603785024361249,0.705461433231611,7.0,Logistic Regression,0.6989157631359466,0.7121308689186319,0.7709483396461134,5.0
0.8312088379009985,0.8998017814748112,0.8377412437455325,7.0,Random Forest,0.8065277231616201,0.8714680263437433,0.9096231879897718,5.0
0.6625239005736138,0.7144817879564578,0.6671555788370874,8.0,Naive Bayes,0.6581231914014055,0.6764393456554069,0.7191925707744262,5.0
0.7043764605906098,0.7567779915277573,0.7065274702098492,8.0,Logistic Regression,0.7014237855946399,0.7117059698321648,0.7700682560167296,5.0
0.8329084342468663,0.8953256392432518,0.8384844439880891,8.0,Random Forest,0.8114069952305246,0.8674314850223072,0.9084928092802944,5.0
0.6545570427023581,0.698627606461969,0.6591194968553458,9.0,Naive Bayes,0.6505276225946617,0.6679413639260675,0.7065191227833336,5.0
0.6897174421074995,0.7359320011543629,0.6937191989095104,9.0,Logistic Regression,0.6848861283643892,0.7027830890163587,0.7533932461807263,5.0
0.828128319524113,0.8921832186298483,0.8344248874334834,9.0,Random Forest,0.8049358341559724,0.8661567877629063,0.9052302170862421,5.0
0.6544180118946474,0.7106928324058277,0.6568234549673064,0.0,Naive Bayes,0.6522832006702974,0.6614273576890399,0.7119131538428778,6.0
0.691694987255735,0.7431874516580401,0.6948386418585094,0.0,Logistic Regression,0.6878251821019771,0.7019966015293118,0.7582217383018763,6.0
0.8374044180118947,0.8989193960436463,0.8435679983651782,0.0,Random Forest,0.8127584170112226,0.8768054375531011,0.9104591761235057,6.0
0.661108751062022,0.7071095437772557,0.6666666666666667,1.0,Naive Bayes,0.6559095580678315,0.6777824978759558,0.7157111234948521,6.0
0.6926508071367884,0.7469081923166299,0.696582092681904,1.0,Logistic Regression,0.687784679089027,0.705607476635514,0.7610553161018069,6.0
0.8274214103653356,0.8867327457096811,0.8332820354981019,1.0,Random Forest,0.8059138717999603,0.8625743415463042,0.9018151103456291,6.0
0.6640824129141886,0.7161250210254289,0.6684833874855884,2.0,Naive Bayes,0.65983860955928,0.677357689039932,0.7201273127177732,6.0
0.6968988954970263,0.7533122561443879,0.7005874947545111,2.0,Logistic Regression,0.6921641791044776,0.7092183517417162,0.7638702611437427,6.0
0.8313508920985556,0.9008487095006789,0.8373617369930355,2.0,Random Forest,0.8085443037974683,0.8683092608326253,0.9095089054657775,6.0
0.659197111299915,0.7135940249710563,0.6608897812533024,3.0,Naive Bayes,0.6576235541535226,0.6641886151231946,0.7174225851765176,6.0
0.6971112999150383,0.7514725389203345,0.699915824915825,3.0,Logistic Regression,0.6934945788156798,0.7064570943075617,0.7633109174788083,6.0
0.8374044180118947,0.9002302857655574,0.8429260285215964,3.0,Random Forest,0.8152411192696963,0.8725573491928632,0.9106786185808569,6.0
0.6622769753610875,0.717325169631676,0.6665268456375839,4.0,Naive Bayes,0.6582435791217895,0.6750212404418012,0.7195691420593953,6.0
0.6954120645709431,0.7548961645374435,0.7003760969494358,4.0,Logistic Regression,0.6891447368421053,0.7119796091758709,0.7672972449143849,6.0
0.8341121495327103,0.9048960292726318,0.8407747196738022,4.0,Random Forest,0.8083104664837318,0.8759558198810535,0.9131326159706467,6.0
0.661321155480034,0.7009541124017463,0.6655479811221814,5.0,Naive Bayes,0.6573441060700228,0.6739592183517417,0.7127049332685593,6.0
0.695624468988955,0.7454394006126039,0.6979342327150084,5.0,Logistic Regression,0.6926778242677825,0.7032710280373832,0.7601183996725687,6.0
0.8333687340696686,0.8888327334515465,0.8387958491729168,5.0,Random Forest,0.8123383084577115,0.867034834324554,0.9037654818819211,6.0
0.6550552251486831,0.7108387633798994,0.6596814752724225,6.0,Naive Bayes,0.6509511993382961,0.6686491079014444,0.7143528721336232,6.0
0.6999787595581988,0.7454498636311435,0.7034743360974074,6.0,Logistic Regression,0.6953724839178252,0.7117672047578589,0.7624339146152287,6.0
0.8280586236193713,0.8959214320100146,0.8334533484209443,6.0,Random Forest,0.808098942748853,0.8604502973661852,0.905458987540144,6.0
0.6659230932653495,0.7206368294362213,0.669608152116819,7.0,Naive Bayes,0.6623025768911056,0.6770766942851073,0.7237680217083986,6.0
0.7012959422137243,0.7559449920412565,0.7041245791245792,7.0,Logistic Regression,0.6975192828851365,0.710856171659231,0.7700286276549366,6.0
0.8333333333333334,0.9012446197311926,0.8399469550137714,7.0,Random Forest,0.8078885400313972,0.8746547694922456,0.9110704356217629,6.0
0.6559379647333758,0.7097766241235303,0.6599475065616798,8.0,Naive Bayes,0.6523453715234537,0.6677289143828341,0.7107152607873434,6.0
0.6909921393669004,0.7466634047298252,0.6912872758144964,8.0,Logistic Regression,0.6906276505513147,0.6919481623114511,0.758583252666147,6.0
0.8328022094752496,0.893710532109235,0.8384978452698543,8.0,Random Forest,0.8108751736455646,0.8680688336520076,0.9067717739004268,6.0
0.6644359464627151,0.71340540051058,0.6689026307514935,9.0,Naive Bayes,0.6601158460901945,0.6779264924580413,0.7192565267979575,6.0
0.6992776715530061,0.7485945643105967,0.7028445470767293,9.0,Logistic Regression,0.6946058091286307,0.7112810707456979,0.7643521130695554,6.0
0.828978117697047,0.8988033855092761,0.8363821138211381,9.0,Random Forest,0.8016754334697058,0.8742298704057786,0.9092441910034681,6.0
0.657285471537808,0.70803676396655,0.6614916605475716,0.0,Naive Bayes,0.6534715025906735,0.6697111299915038,0.7144524423440208,7.0
0.6953058623619371,0.7472625628806081,0.6986661065014179,0.0,Logistic Regression,0.6910450862248078,0.7064570943075617,0.761692439124569,7.0
0.8310322854715378,0.8933371887509622,0.8369710011271647,0.0,Random Forest,0.8085527618293408,0.8674596431605778,0.9069829486353062,7.0
0.6536745964316057,0.7071876101042749,0.6602771121991874,1.0,Naive Bayes,0.6479247597628297,0.6731096006796942,0.7117931913646506,7.0
0.6932880203908242,0.7399415475608232,0.6965111391340899,1.0,Logistic Regression,0.6892678868552413,0.7039082412914188,0.7568836987459296,7.0
0.8305012744265081,0.8972504464930644,0.8365424006554691,1.0,Random Forest,0.807753164556962,0.8674596431605778,0.9079965616470889,7.0
0.659197111299915,0.7070191046956252,0.6638734681051639,2.0,Naive Bayes,0.6548873734242612,0.6731096006796942,0.7117387819066807,7.0
0.6965802888700084,0.7469187669310373,0.7021165676154728,2.0,Logistic Regression,0.6895351218513209,0.7151656754460493,0.7621417006357335,7.0
0.8305012744265081,0.8895194959557216,0.837903717245582,2.0,Random Forest,0.802841572596341,0.8761682242990654,0.9026399820908969,7.0
0.661108751062022,0.7174103283335276,0.664423178041855,3.0,Naive Bayes,0.6579879191835034,0.6709855564995751,0.7215357326671137,7.0
0.7001911639762107,0.7486784358650123,0.7024349109307473,3.0,Logistic Regression,0.6972169910023017,0.707731520815633,0.7645377921057019,7.0
0.8277400169923534,0.8975418339284433,0.8341174064225813,3.0,Random Forest,0.8043392504930966,0.8661852166525064,0.9074057949411295,7.0
0.6644010195412065,0.7131329593900207,0.6656792213288193,4.0,Naive Bayes,0.6631534569983136,0.6682242990654206,0.717016318867215,7.0
0.6945624468988955,0.750256449196823,0.6964964119881806,4.0,Logistic Regression,0.6921140939597316,0.7009345794392523,0.7625758032929362,7.0
0.8313508920985556,0.8980742305107329,0.8375281358706773,4.0,Random Forest,0.8079352546387683,0.8693712829226848,0.9083662617327726,7.0
0.6654630416312659,0.718342361193139,0.670846394984326,5.0,Naive Bayes,0.6602221308103661,0.6818181818181818,0.7215960522735033,7.0
0.6966864910790145,0.7452138393752172,0.7006289308176099,5.0,Logistic Regression,0.6916390728476821,0.7098555649957519,0.7608322192778756,7.0
0.8274214103653356,0.8973068469533831,0.8344370860927152,5.0,Random Forest,0.8018406109261798,0.8697960917587085,0.9084738174108822,7.0
0.6546304163126593,0.7101267847498041,0.6577562618396128,6.0,Naive Bayes,0.6518564872757614,0.6637638062871708,0.7168899499685635,7.0
0.6939252336448598,0.7450327569988839,0.6971416561580497,6.0,Logistic Regression,0.6898918469217971,0.7045454545454546,0.7599207931834243,7.0
0.8344307561597282,0.8956456460305293,0.8404462184013919,6.0,Random Forest,0.810981631443808,0.8721325403568394,0.9087576398819343,7.0
0.655831739961759,0.7077196239794075,0.6582999367222105,7.0,Naive Bayes,0.6536125654450262,0.6630550244316975,0.710762923145035,7.0
0.6901423411939664,0.7436225970732919,0.6927856766719327,7.0,Logistic Regression,0.6869256474519633,0.6987465476949225,0.759026521619641,7.0
0.8319524113023157,0.893769540668216,0.8385384772402531,7.0,Random Forest,0.8069141622471028,0.8727427236031442,0.9068344887167267,7.0
0.6550881665604419,0.7100845052614921,0.65867759907495,8.0,Naive Bayes,0.6518934665002081,0.6656044189504993,0.7123766279504793,7.0
0.6997025706394732,0.7531149562047514,0.7009415000528932,8.0,Logistic Regression,0.6980615254951538,0.703845336732526,0.7658876895216247,7.0
0.8260038240917782,0.8960542483513652,0.8322065150583896,8.0,Random Forest,0.8035608308605341,0.8629700446144041,0.9060131254730974,7.0
0.6541321436158912,0.707867625257112,0.6573352978320354,9.0,Naive Bayes,0.651303441084463,0.6634799235181644,0.7111713480264286,7.0
0.6973656256639048,0.7433261543924308,0.7000105296409392,9.0,Logistic Regression,0.6939457202505219,0.7061822817080943,0.7592961118303343,7.0
0.8296154663267474,0.8928524842202911,0.8369587314494816,9.0,Random Forest,0.8023777041512375,0.8746547694922456,0.904482468715146,7.0
0.6597281223449448,0.7153676918559249,0.6665278934221482,0.0,Naive Bayes,0.653469387755102,0.6801189464740867,0.7183188073013704,8.0
0.6998725573491928,0.7531120316162547,0.704021784666946,0.0,Logistic Regression,0.6944214876033058,0.713891248937978,0.7682484630004858,8.0
0.8371920135938827,0.8936994843286421,0.8440646933170582,0.0,Random Forest,0.8098770251805583,0.8812659303313509,0.9079952307358035,8.0
0.6604715378079864,0.7165018036316384,0.6644274168153668,1.0,Naive Bayes,0.6567752645777132,0.6722599830076466,0.7180837548336894,8.0
0.6950934579439252,0.75286034203556,0.6975028974818249,1.0,Logistic Regression,0.6920342881037006,0.7030586236193713,0.7637836391211041,8.0
0.8342183517417162,0.9003807174012763,0.8395518552780348,1.0,Random Forest,0.8133837880900219,0.8674596431605778,0.9097015492348748,8.0
0.6567544604927783,0.7138496926823965,0.6620660811375992,2.0,Naive Bayes,0.6519769357495881,0.6724723874256584,0.7140363408258977,8.0
0.6961554800339848,0.7507167955950748,0.6996325459317586,2.0,Logistic Regression,0.6917168362051069,0.707731520815633,0.7601125346397859,8.0
0.828483432455395,0.8921730384948121,0.8345795349790024,2.0,Random Forest,0.8059347181008902,0.8653355989804588,0.904632852557046,8.0
0.6598343245539507,0.7099396710825754,0.662451259352935,3.0,Naive Bayes,0.657393850658858,0.6675870858113849,0.7159066997803409,8.0
0.6887213254035683,0.7478046221953232,0.6918953011668244,3.0,Logistic Regression,0.6849115504682622,0.6990229396771452,0.7583630855919424,8.0
0.8282710280373832,0.8954734750881347,0.8349157733537519,3.0,Random Forest,0.8038136426184391,0.8685216652506372,0.9055616707294801,8.0
0.6629141886151232,0.7146030189183672,0.665965059987371,4.0,Naive Bayes,0.6599916562369629,0.6720475785896347,0.7180006518307203,8.0
0.6947748513169074,0.7462759759707264,0.6953572185711256,4.0,Logistic Regression,0.694033008887008,0.6966864910790145,0.7609016071272601,8.0
0.8317757009345794,0.8970058259371619,0.8379042161277119,4.0,Random Forest,0.8084518167456556,0.8695836873406967,0.9070760447518242,8.0
0.6622769753610875,0.7152285008047247,0.6646277156717992,5.0,Naive Bayes,0.6600335148722245,0.66928632115548,0.7216909304576746,8.0
0.6991291418861513,0.7548081732544367,0.7020090459661301,5.0,Logistic Regression,0.6953531985830381,0.7087935429056924,0.7689381908557462,8.0
0.8344307561597282,0.9014292749847364,0.8402172799016092,5.0,Random Forest,0.8118439294909883,0.8706457094307561,0.9125855888745562,8.0
0.6612149532710281,0.719975067560071,0.6645636172450052,6.0,Naive Bayes,0.6580591420241566,0.6711979609175871,0.7218954396392481,8.0
0.7028462192013594,0.7556357683455899,0.7078722071413657,6.0,Logistic Regression,0.6960985626283368,0.7200509770603228,0.7694655475341958,8.0
0.8300764655904843,0.8933486805698614,0.8363338788870704,6.0,Random Forest,0.8066298342541437,0.8683092608326253,0.9056532780299843,8.0
0.6531761206713406,0.7068397137779943,0.6588653223278653,7.0,Naive Bayes,0.6482319078947368,0.6698534098151689,0.7069233501275443,8.0
0.6930104100276184,0.7376863035331326,0.6990210372838992,7.0,Logistic Regression,0.6855975485188969,0.7129806670915657,0.7567068632756975,8.0
0.8258975993201615,0.8846582386909401,0.8328062837906763,7.0,Random Forest,0.8010204081632653,0.8672190354790738,0.9000425576108593,8.0
0.6644359464627151,0.7139604737676231,0.6680676683828938,8.0,Naive Bayes,0.6609147609147609,0.6753770979392394,0.7200578050518398,8.0
0.7000212449543234,0.752350178243488,0.7037347880822492,8.0,Logistic Regression,0.6951295336787565,0.7125557680050988,0.765744612178933,8.0
0.8311026131293817,0.8950616805863001,0.8370901639344264,8.0,Random Forest,0.8084306352661785,0.8678563841087742,0.9073120601246198,8.0
0.6572126619927767,0.7169816677270451,0.657103389650409,9.0,Naive Bayes,0.657312925170068,0.6568939876779265,0.7174616508715148,8.0
0.7037391119609093,0.7548865917536576,0.7048364906339295,9.0,Logistic Regression,0.70223534373682,0.7074569789674953,0.7693897895765583,8.0
0.8384321223709369,0.8969629947376737,0.8439199589533094,9.0,Random Forest,0.8161969035331481,0.8735925217760782,0.909945382819679,8.0
0.6690739167374682,0.7222775614648609,0.675551853394419,0.0,Naive Bayes,0.6625816993464052,0.6890399320305862,0.7282704144647228,9.0
0.7055012744265081,0.7603730457386204,0.7078900242283789,0.0,Logistic Regression,0.7021943573667712,0.713678844519966,0.7741850491832627,9.0
0.8343245539507221,0.8986101098898039,0.8400984009840099,0.0,Random Forest,0.8118066561014263,0.8704333050127443,0.9088283360847857,9.0
0.6614273576890399,0.7194456272410512,0.66505568396722,1.0,Naive Bayes,0.658004158004158,0.6722599830076466,0.7233859700475482,9.0
0.6970050977060323,0.7505214984265676,0.7005353206675763,1.0,Logistic Regression,0.69246731687072,0.7087935429056924,0.7641302625585692,9.0
0.8376168224299065,0.9009767086360349,0.8431312198625218,1.0,Random Forest,0.8154395713435205,0.872769753610875,0.9117510849408335,9.0
0.6588785046728972,0.7139053879813547,0.664367816091954,2.0,Naive Bayes,0.6538461538461539,0.6752336448598131,0.7154358729947903,9.0
0.6965802888700084,0.7478774179055261,0.7009316445095781,2.0,Logistic Regression,0.6910216718266254,0.7111299915038233,0.7603378872455568,9.0
0.8297578589634664,0.8923595214043895,0.8364786289911251,2.0,Random Forest,0.8047105004906772,0.8708581138487681,0.904708195670487,9.0
0.6570730671197961,0.7094448568366634,0.659352252347294,3.0,Naive Bayes,0.6549989520016768,0.6637638062871708,0.7132637355458522,9.0
0.7007221750212405,0.7573647701262343,0.7031184155077961,3.0,Logistic Regression,0.6975334448160535,0.7087935429056924,0.7684814852645112,9.0
0.8354927782497876,0.8969046704145727,0.8420193778684344,3.0,Random Forest,0.8098881695114774,0.8768054375531011,0.9096869543263729,9.0
0.6578164825828378,0.7140192168697831,0.6600548638953366,4.0,Naive Bayes,0.6557651991614256,0.6644010195412065,0.715847553180508,9.0
0.6954120645709431,0.7445365930555883,0.6982323232323232,4.0,Logistic Regression,0.6918265221017514,0.7047578589634664,0.7624119433001114,9.0
0.8271028037383178,0.8910269107095896,0.8334697217675942,4.0,Random Forest,0.8038674033149171,0.8653355989804588,0.9036867776535393,9.0
0.6526125743415463,0.7021032360309457,0.6570200272622417,5.0,Naive Bayes,0.6487885690619176,0.6654630416312659,0.7123952144219893,9.0
0.6923322005097706,0.743638963201803,0.6950847279233765,5.0,Logistic Regression,0.6889213436261215,0.7013593882752761,0.7596183830700143,9.0
0.8289082412914188,0.8909706469255146,0.8354275206864848,5.0,Random Forest,0.8047628419602441,0.8685216652506372,0.9038184250816954,9.0
0.6565420560747663,0.7110189644679251,0.6608640939597314,6.0,Naive Bayes,0.6526512013256006,0.66928632115548,0.7123842513222491,9.0
0.6907391673746814,0.7435283221614807,0.6952699874424446,6.0,Logistic Regression,0.6852310231023102,0.705607476635514,0.7558691834214111,9.0
0.8199872557349193,0.8909051872998786,0.8269878534245177,6.0,Random Forest,0.7960306543525251,0.8604502973661852,0.9015986680781244,9.0
0.6582749097089441,0.7088159005144444,0.6628942680498795,7.0,Naive Bayes,0.6540529363110008,0.6719779052475037,0.7121109644681185,9.0
0.7002336944975568,0.7502676390341783,0.7029473684210527,7.0,Logistic Regression,0.6966409346964323,0.7093690248565966,0.764777824582574,9.0
0.8320586360739325,0.8971154585438307,0.8383270273034054,7.0,Random Forest,0.8081624605678234,0.8708306777140429,0.9083481070844994,9.0
0.6607180794561291,0.709318710224389,0.6661091365251933,8.0,Naive Bayes,0.6556904712903889,0.6768642447418738,0.717988419220586,9.0
0.7020395156150414,0.7519390489062079,0.7052023121387283,8.0,Logistic Regression,0.6977953410981698,0.7127682175483323,0.7669991793137785,9.0
0.8324835351603994,0.8984770210458568,0.8383724505483242,8.0,Random Forest,0.80990099009901,0.8689186318249416,0.9098209235854603,9.0
0.6577437858508605,0.7076827050080821,0.6610561750473386,9.0,Naive Bayes,0.6547197332777662,0.6675164648396006,0.712832760324373,9.0
0.6944975568302528,0.7422016809008247,0.6975178796802692,9.0,Logistic Regression,0.6906894397000625,0.7044826853622265,0.7582902374898836,9.0
0.8302528149564479,0.8890019230002374,0.8353595713991345,9.0,Random Forest,0.8109621924384877,0.8612704482685363,0.9029324039895741,9.0
